country,document_title,year,institution,document_type,language,file_name,arctic_relevance,nato_relevance,use_in_main_analysis,war_period,nato_period,breakpoint_role,coding_decision,notes,expected_path,file_status,source_url
USA,National Strategy for the Arctic Region,2022,White House,National Arctic Strategy,English,USA_2022_National_Arctic_Strategy.pdf,3,3,Yes,Pre-war,Long-standing NATO member,Pre-2022 Arctic strategy baseline,"Use for Arctic, climate, security, cooperation, sovereignty and alliance framing",Main U.S. Arctic strategy; now present and matched.,USA/USA_2022_National_Arctic_Strategy.pdf,MATCH,https://bidenwhitehouse.archives.gov/wp-content/uploads/2022/10/National-Strategy-for-the-Arctic-Region.pdf
USA,Department of Defense Arctic Strategy,2024,U.S. Department of Defense,Defence Arctic Strategy,English,USA_2024_DoD_Arctic_Strategy.pdf,3,3,Yes,Post-war,Long-standing NATO member,Post-2022 defence and Arctic security framing,"Use for NATO, defence, deterrence, Russia-threat, resilience and military-access framing",Main post-war U.S. defence strategy for the Arctic.,USA/USA_2024_DoD_Arctic_Strategy.pdf,MATCH,https://media.defense.gov/2024/Jul/22/2003507411/-1/-1/0/DOD-ARCTIC-STRATEGY-2024.PDF
Canada,Arctic and Northern Policy Framework,2019,Government of Canada,Arctic and Northern Policy Framework,English,Canada_2019_Arctic_Northern_Policy_Framework.pdf,3,1,Yes,Pre-war,Long-standing NATO member,Pre-2022 Arctic/northern policy baseline,"Use for Arctic governance, indigenous/human security, climate and cooperation framing",Main Canadian Arctic/northern policy baseline.,Canada/Canada_2019_Arctic_Northern_Policy_Framework.pdf,MATCH,https://www.rcaanc-cirnac.gc.ca/eng/1560523306861/1560523330587
Canada,"Our North, Strong and Free",2024,Government of Canada / Department of National Defence,Defence Policy Update,English,Canada_2024_Our_North_Strong_Free.pdf,2,3,Yes,Post-war,Long-standing NATO member,Post-2022 defence/security framing,"Use for defence, NATO, deterrence, resilience and Arctic security framing","Not purely Arctic-specific, but essential post-war defence/security document.",Canada/Canada_2024_Our_North_Strong_Free.pdf,MATCH,https://www.canada.ca/en/department-national-defence/corporate/reports-publications/north-strong-free-2024.html
Russia,Foundations of the Russian Federation State Policy in the Arctic for the Period up to 2035,2020 / amended 2023,President of the Russian Federation,Arctic State Policy / Strategic Planning Document,English translation,Russia_2020_Arctic_State_Policy_2035.pdf,3,1,Yes,Pre-war document / amended post-war,Non-NATO / Russia,Russian Arctic state policy baseline; amended after 2022 war,"Use for sovereignty, national security, resource access, Northern Sea Route, military security and Russia strategic framing","English translation by Russia Maritime Studies Institute / U.S. Naval War College; original Russian presidential decree, amended in 2023.",Russia/Russia_2020_Arctic_State_Policy_2035.pdf,MATCH,https://usnwc.edu/_images/portals/0/NWCDepartments/Russia-Maritime-Studies-Institute/ArcticPolicyFoundations2035_English_FINAL_14MAR23977a.pdf
Russia,Strategy for Development of the Arctic Zone of the Russian Federation and Provision of National Security for the Period up to 2035,2020 / amended 2023,President of the Russian Federation,Arctic Zone Development and National Security Strategy,English translation,Russia_2020_Arctic_Zone_National_Security_2035.pdf,3,1,Yes,Pre-war document / amended post-war,Non-NATO / Russia,Russian Arctic development and national security strategy; amended after 2022 war,"Use for Arctic development, national security, military security, resource access, Northern Sea Route and Russia strategic framing",Unofficial English translation by RMSI / U.S. Naval War College; original legal act amended in 2023.,Russia/Russia_2020_Arctic_Zone_National_Security_2035.pdf,MATCH,https://usnwc.edu/_images/portals/0/NWCDepartments/Russia-Maritime-Studies-Institute/16MAR23_20201026_ENG_RUS_Arctic-Strategy2035_FINAL_16MAR238f95.pdf
Norway,Norway in the North: A High North Policy for a New Era,2025,The Norwegian Ministries,High North Strategy,English,Norway_2025_Norway_in_the_North.pdf,3,3,Yes,Post-war,Long-standing NATO member,Post-2022 High North security/NATO framing,"Use for NATO, Russia-threat, sovereignty, defence, resilience, climate and resource framing",Main updated Norwegian High North strategy.,Norway/Norway_2025_Norway_in_the_North.pdf,MATCH,https://www.regjeringen.no/contentassets/ce4ca6a943494c1da569f45ae2d8dfb9/en-gb/pdfs/h-2569-e-norway-in-the-north.pdf
Norway,"The Norwegian Government’s Arctic Policy: People, Opportunities and Norwegian Interests in the Arctic",2020,Norwegian Ministries,Arctic Policy Abstract,English,Norway_2020_Arctic_Policy_Abstract.pdf,2,2,No,Pre-war,Long-standing NATO member,Pre-2022 supplementary Arctic policy context,Supplementary only; not preferred for main content analysis because it is an abstract version,Keep as supplementary context only.,Norway/Norway_2020_Arctic_Policy_Abstract.pdf,MATCH,https://www.regjeringen.no/globalassets/departementene/ud/vedlegg/nord/whitepaper_abstract2020.pdf
Denmark_Greenland,Kingdom of Denmark Strategy for the Arctic 2011–2020,2011,Kingdom of Denmark / Greenland / Faroe Islands,Arctic Strategy,English,Denmark_2011_Kingdom_Arctic_Strategy_2011_2020.pdf,3,1,Yes,Pre-war,Long-standing NATO member,Pre-2022 Arctic strategy baseline,"Use for Arctic governance, sovereignty, cooperation, resources and Denmark-Greenland framing",Main Kingdom-level Arctic strategy.,Denmark_Greenland/Denmark_2011_Kingdom_Arctic_Strategy_2011_2020.pdf,MATCH,https://library.arcticportal.org/1890/1/DENMARK.pdf
Denmark_Greenland,"Greenland’s Foreign, Security and Defence Policy 2024–2033",2024,Government of Greenland,"Foreign, Security and Defence Policy",English,Greenland_2024_Foreign_Security_Defence_Policy.pdf,3,2,Yes,Post-war,Long-standing NATO member / Kingdom of Denmark,Post-2022 Greenland security and defence framing,"Use for security, defence, U.S./NATO-linked alliance framing, sovereignty and Arctic governance",Main Greenland security/defence document.,Denmark_Greenland/Greenland_2024_Foreign_Security_Defence_Policy.pdf,MATCH,https://paartoq.gl/wp-content/uploads/2024/03/Greenlands_Foreign_-Security_and_Defense_Policy_2024_2033.pdf
Finland,Finland’s Strategy for Arctic Policy,2021,Finnish Government,Arctic Policy Strategy,English,Finland_2021_Strategy_for_Arctic_Policy.pdf,3,2,Yes,Pre-war,Pre-NATO,Pre-2022 and pre-NATO Arctic policy baseline,"Use for Arctic, climate, cooperation, security and pre-NATO framing",Pre-NATO accession Arctic policy baseline; important for Arctic Eight model.,Finland/Finland_2021_Strategy_for_Arctic_Policy.pdf,MATCH,https://julkaisut.valtioneuvosto.fi/handle/10024/163247
Finland,Government Defence Report,2024,Finnish Government,Defence Report,English,Finland_2024_Defence_Report.pdf,2,3,Yes,Post-war,Post-NATO,Post-2022 and post-NATO defence/security framing,"Use for NATO, defence, deterrence, alliance and Russia-threat framing","Not Arctic-specific, but essential for post-NATO defence and alliance-security framing.",Finland/Finland_2024_Defence_Report.pdf,MATCH,https://julkaisut.valtioneuvosto.fi/
Sweden,Sweden’s Strategy for the Arctic Region,2020,Government of Sweden,Arctic Strategy,English,Sweden_2020_Strategy_for_the_Arctic_Region.pdf,3,2,Yes,Pre-war,Pre-NATO,Pre-2022 and pre-NATO Arctic strategic baseline,"Use for Arctic, climate, security, cooperation, Russia and pre-NATO framing",Main Swedish Arctic strategy before Russia-Ukraine war and before NATO accession.,Sweden/Sweden_2020_Strategy_for_the_Arctic_Region.pdf,MATCH,https://www.government.se/contentassets/85de9103bbbe4373b55eddd7f71608da/swedens-strategy-for-the-arctic-region-2020.pdf
Sweden,National Security Strategy,2024,Government of Sweden,National Security Strategy,English,Sweden_2024_National_Security_Strategy.pdf,2,3,Yes,Post-war,Post-NATO,Post-2022 and post-NATO national security/alliance framing,"Use for NATO, total defence, deterrence, Russia-threat, resilience and alliance-security framing","Not Arctic-specific, but essential for post-NATO and post-war Swedish security framing.",Sweden/Sweden_2024_National_Security_Strategy.pdf,MATCH,https://www.government.se/globalassets/government/national-security-strategy.pdf
Iceland,Iceland’s Policy on Matters Concerning the Arctic Region,2021,Government of Iceland,Arctic Policy,English,Iceland_2021_Arctic_Policy.pdf,3,2,Yes,Pre-war,Long-standing NATO member,Pre-2022 Arctic policy baseline,"Use for Arctic, cooperation, climate, security and governance framing",Main Icelandic Arctic policy before the 2022 Russia-Ukraine war.,Iceland/Iceland_2021_Arctic_Policy.pdf,MATCH,https://www.government.is/library/01-Ministries/Ministry-for-Foreign-Affairs/PDF-skjol/Arctic%20Policy_WEB.pdf
Iceland,Parliamentary Resolution on a National Security Policy for Iceland,2023,Government of Iceland / Althingi,National Security Policy,English,Iceland_2023_National_Security_Policy.pdf,2,3,Yes,Post-war,Long-standing NATO member,Post-2022 national security and alliance-security framing,"Use for NATO, security, resilience, defence cooperation and Russia-threat framing","Not Arctic-specific, but essential for post-war Icelandic security and alliance framing.",Iceland/Iceland_2023_National_Security_Policy.pdf,MATCH,https://www.government.is/library/04-Legislation/Parliamentary%20resolution%20on%20a%20national%20security%20policy%202023.pdf
Iceland,EU–Iceland Security and Defence Partnership,2026,Government of Iceland / European Union,Security and Defence Partnership,English,Iceland_2026_EU_Security_Defence_Partnership.pdf,2,2,No,Post-war,Long-standing NATO member,Extended post-2022 security partnership evidence,Use only as supplementary discussion if the study period is extended beyond 2024,"2026 document; outside the main 2000–2024 analysis period. Keep as supplementary source, not for main content analysis.",Iceland/Iceland_2026_EU_Security_Defence_Partnership.pdf,MATCH,https://www.stjornarradid.is/library/03-Verkefni/Utanrikismal/oryggis--og-varnarmal/EU-Iceland%20Security%20and%20Defence%20Partnership%202026%20Signed.pdf
