Entity,Year,Monthly sea ice extent in the Arctic
1980,1,14.862
1980,2,15.955
1980,3,16.041
1980,4,15.429
1980,5,13.793
1980,6,12.205
1980,7,10.1
1980,8,7.984
1980,9,7.667
1980,10,9.183
1980,11,11.383
1980,12,13.593
1981,1,14.91
1981,2,15.604
1981,3,15.632
1981,4,15.01
1981,5,13.802
1981,6,12.43
1981,7,10.271
1981,8,7.844
1981,9,7.138
1981,10,8.856
1981,11,10.929
1981,12,13.341
1982,1,15.177
1982,2,15.974
1982,3,16.044
1982,4,15.466
1982,5,13.973
1982,6,12.476
1982,7,10.367
1982,8,8.139
1982,9,7.302
1982,10,9.421
1982,11,11.627
1982,12,13.642
1983,1,14.942
1983,2,16.006
1983,3,16.085
1983,4,15.172
1983,5,13.491
1983,6,12.296
1983,7,10.57
1983,8,8.186
1983,9,7.395
1983,10,9.334
1983,11,11.461
1983,12,13.299
1984,1,14.473
1984,2,15.299
1984,3,15.584
1984,4,15.015
1984,5,13.577
1984,6,12.152
1984,7,9.977
1984,8,7.771
1984,9,6.805
1984,10,8.561
1984,11,10.842
1984,12,12.989
1985,1,14.725
1985,2,15.466
1985,3,15.886
1985,4,15.357
1985,5,14.073
1985,6,12.219
1985,7,9.744
1985,8,7.402
1985,9,6.698
1985,10,8.546
1985,11,11.025
1985,12,13.05
1986,1,14.89
1986,2,15.785
1986,3,15.91
1986,4,15.059
1986,5,13.379
1986,6,11.976
1986,7,10.146
1986,8,7.979
1986,9,7.411
1986,10,9.484
1986,11,11.453
1986,12,13.222
1987,1,14.97
1987,2,16.05
1987,3,15.816
1987,4,15.211
1987,5,13.743
1987,6,12.486
1987,7,10.333
1987,8,7.628
1987,9,7.279
1987,10,9.049
1987,11,11.224
1988,2,15.583
1988,3,15.957
1988,4,15.123
1988,5,13.561
1988,6,11.943
1988,7,9.809
1988,8,7.892
1988,9,7.369
1988,10,9.135
1988,11,11.331
1988,12,13.626
1989,1,14.955
1989,2,15.495
1989,3,15.423
1989,4,14.328
1989,5,13.044
1989,6,12.245
1989,7,10.13
1989,8,7.882
1989,9,7.008
1989,10,8.829
1989,11,11.115
1989,12,13.387
1990,1,14.783
1990,2,15.578
1990,3,15.867
1990,4,14.65
1990,5,13.226
1990,6,11.641
1990,7,9.247
1990,8,6.797
1990,9,6.143
1990,10,8.485
1990,11,11.075
1990,12,13.106
1991,1,14.364
1991,2,15.249
1991,3,15.416
1991,4,14.86
1991,5,13.473
1991,6,12.108
1991,7,9.514
1991,8,7.415
1991,9,6.473
1991,10,8.541
1991,11,10.885
1991,12,12.945
1992,1,14.643
1992,2,15.462
1992,3,15.481
1992,4,14.677
1992,5,13.216
1992,6,12.147
1992,7,10.323
1992,8,7.925
1992,9,7.474
1992,10,9.319
1992,11,11.379
1992,12,13.407
1993,1,14.896
1993,2,15.686
1993,3,15.813
1993,4,15.077
1993,5,13.368
1993,6,11.871
1993,7,9.476
1993,8,7.335
1993,9,6.397
1993,10,8.786
1993,11,11.319
1993,12,13.319
1994,1,14.73
1994,2,15.562
1994,3,15.554
1994,4,14.888
1994,5,13.624
1994,6,12.016
1994,7,9.925
1994,8,7.639
1994,9,7.138
1994,10,8.915
1994,11,11.123
1994,12,13.272
1995,1,14.586
1995,2,15.226
1995,3,15.26
1995,4,14.449
1995,5,12.972
1995,6,11.44
1995,7,8.987
1995,8,6.744
1995,9,6.08
1995,10,7.829
1995,11,10.761
1995,12,12.921
1996,1,14.181
1996,2,15.155
1996,3,15.123
1996,4,14.216
1996,5,13.094
1996,6,12.084
1996,7,10.164
1996,8,8.18
1996,9,7.583
1996,10,9.161
1996,11,10.402
1996,12,12.861
1997,1,14.417
1997,2,15.437
1997,3,15.467
1997,4,14.563
1997,5,13.177
1997,6,11.738
1997,7,9.411
1997,8,7.285
1997,9,6.686
1997,10,8.337
1997,11,10.684
1997,12,13.076
1998,1,14.721
1998,2,15.746
1998,3,15.598
1998,4,14.892
1998,5,13.59
1998,6,11.706
1998,7,9.415
1998,8,7.509
1998,9,6.536
1998,10,8.452
1998,11,10.441
1998,12,12.759
1999,1,14.359
1999,2,15.309
1999,3,15.398
1999,4,15.084
1999,5,13.751
1999,6,11.779
1999,7,9.488
1999,8,7.226
1999,9,6.117
1999,10,8.603
1999,11,10.796
1999,12,12.641
2000,1,14.22
2000,2,15.141
2000,3,15.225
2000,4,14.558
2000,5,13.153
2000,6,11.665
2000,7,9.513
2000,8,7.168
2000,9,6.246
2000,10,8.379
2000,11,10.321
2000,12,12.637
2001,1,14.203
2001,2,15.211
2001,3,15.516
2001,4,14.857
2001,5,13.51
2001,6,11.456
2001,7,9.07
2001,8,7.461
2001,9,6.732
2001,10,8.298
2001,11,10.658
2001,12,12.491
2002,1,14.273
2002,2,15.342
2002,3,15.349
2002,4,14.299
2002,5,12.971
2002,6,11.583
2002,7,9.274
2002,8,6.599
2002,9,5.827
2002,10,8.162
2002,11,10.342
2002,12,12.608
2003,1,14.391
2003,2,15.193
2003,3,15.485
2003,4,14.512
2003,5,13.016
2003,6,11.604
2003,7,9.215
2003,8,6.936
2003,9,6.116
2003,10,7.848
2003,11,10.125
2003,12,12.588
2004,1,14.026
2004,2,14.914
2004,3,14.993
2004,4,13.987
2004,5,12.558
2004,6,11.447
2004,7,9.431
2004,8,6.855
2004,9,5.984
2004,10,7.925
2004,11,10.343
2004,12,12.554
2005,1,13.661
2005,2,14.373
2005,3,14.687
2005,4,14.09
2005,5,12.911
2005,6,11.162
2005,7,8.649
2005,8,6.301
2005,9,5.504
2005,10,7.352
2005,11,10.216
2005,12,12.228
2006,1,13.466
2006,2,14.325
2006,3,14.421
2006,4,13.906
2006,5,12.517
2006,6,10.92
2006,7,8.46
2006,8,6.496
2006,9,5.862
2006,10,7.541
2006,11,9.659
2006,12,11.955
2007,1,13.703
2007,2,14.513
2007,3,14.542
2007,4,13.845
2007,5,12.78
2007,6,11.22
2007,7,7.943
2007,8,5.342
2007,9,4.267
2007,10,6.04
2007,11,9.76
2007,12,12.034
2008,1,13.887
2008,2,14.953
2008,3,15.179
2008,4,14.352
2008,5,12.974
2008,6,11.208
2008,7,8.678
2008,8,5.913
2008,9,4.687
2008,10,7.35
2008,11,10.343
2008,12,12.359
2009,1,13.914
2009,2,14.812
2009,3,14.984
2009,4,14.496
2009,5,13.187
2009,6,11.32
2009,7,8.465
2009,8,6.136
2009,9,5.262
2009,10,6.92
2009,11,9.772
2009,12,12.2
2010,1,13.739
2010,2,14.581
2010,3,15.137
2010,4,14.659
2010,5,12.866
2010,6,10.585
2010,7,8.075
2010,8,5.875
2010,9,4.865
2010,10,6.984
2010,11,9.614
2010,12,11.831
2011,1,13.464
2011,2,14.363
2011,3,14.546
2011,4,14.108
2011,5,12.681
2011,6,10.749
2011,7,7.724
2011,8,5.503
2011,9,4.561
2011,10,6.465
2011,11,9.772
2011,12,12.154
2012,1,13.729
2012,2,14.553
2012,3,15.196
2012,4,14.626
2012,5,13.012
2012,6,10.674
2012,7,7.672
2012,8,4.723
2012,9,3.566
2012,10,5.886
2012,11,9.388
2012,12,12.006
2013,1,13.703
2013,2,14.723
2013,3,15.032
2013,4,14.299
2013,5,12.997
2013,6,11.36
2013,7,8.132
2013,8,6.014
2013,9,5.208
2013,10,7.455
2013,11,9.939
2013,12,12.184
2014,1,13.648
2014,2,14.418
2014,3,14.758
2014,4,14.088
2014,5,12.701
2014,6,11.033
2014,7,8.108
2014,8,6.078
2014,9,5.22
2014,10,7.232
2014,11,10.115
2014,12,12.353
2015,1,13.602
2015,2,14.401
2015,3,14.37
2015,4,13.893
2015,5,12.468
2015,6,10.879
2015,7,8.378
2015,8,5.599
2015,9,4.616
2015,10,6.966
2015,11,9.846
2015,12,12.045
2016,1,13.457
2016,2,14.203
2016,3,14.4
2016,4,13.681
2016,5,11.924
2016,6,10.413
2016,7,7.938
2016,8,5.371
2016,9,4.528
2016,10,6.082
2016,11,8.658
2016,12,11.459
2017,1,13.19
2017,2,14.12
2017,3,14.29
2017,4,13.753
2017,5,12.631
2017,6,10.756
2017,7,7.939
2017,8,5.481
2017,9,4.822
2017,10,6.767
2017,11,9.493
2017,12,11.743
2018,1,13.077
2018,2,13.967
2018,3,14.298
2018,4,13.696
2018,5,12.232
2018,6,10.778
2018,7,8.268
2018,8,5.615
2018,9,4.785
2018,10,6.134
2018,11,9.823
2018,12,11.862
2019,1,13.567
2019,2,14.394
2019,3,14.574
2019,4,13.434
2019,5,12.186
2019,6,10.594
2019,7,7.589
2019,8,5.026
2019,9,4.364
2019,10,5.735
2019,11,9.353
2019,12,11.903
2020,1,13.636
2020,2,14.642
2020,3,14.73
2020,4,13.621
2020,5,12.343
2020,6,10.593
2020,7,7.294
2020,8,5.07
2020,9,4.001
2020,10,5.334
2020,11,8.985
2020,12,11.729
2021,1,13.501
2021,2,14.39
2021,3,14.658
2021,4,13.792
2021,5,12.682
2021,6,10.765
2021,7,7.647
2021,8,5.715
2021,9,4.952
2021,10,6.816
2021,11,9.83
2021,12,12.152
2022,1,13.872
2022,2,14.612
2022,3,14.586
2022,4,13.986
2022,5,12.879
2022,6,10.875
2022,7,8.287
2022,8,5.95
2022,9,4.897
2022,10,6.657
2022,11,9.725
2022,12,11.892
2023,1,13.364
2023,2,14.189
2023,3,14.43
2023,4,13.924
2023,5,12.822
2023,6,10.987
2023,7,8.207
2023,8,5.514
2023,9,4.381
2023,10,6.412
2023,11,9.682
2023,12,11.978
2024,1,13.917
2024,2,14.607
2024,3,14.868
2024,4,14.041
2024,5,12.735
2024,6,10.854
2024,7,7.87
2024,8,5.13
2024,9,4.351
2024,10,5.934
2024,11,9.146
2024,12,11.408
2025,1,13.11
2025,2,13.745
2025,3,14.119
2025,4,13.829
2025,5,12.494
2025,6,10.405
2025,7,7.66
2025,8,5.395
2025,9,4.747
2025,10,6.317
2025,11,8.775
2025,12,11.222
2026,1,13.107
2026,2,14.098
2026,3,14.131
2026,4,13.568